Workbook

Sheet 1 · Özet
A1: MEKANIK TESISAT — MALİYET ÖZETİ
A2: Rev C · 13 Eylül 2026 · Eylül 2026 piyasa mertebesi · Ekipman işverence temin edilmiştir, bütçe dışıdır.
A4: Sistem | B4: Teklif tutarı (TL) | C4: Referans düşük (TL) | D4: Referans yüksek (TL) | E4: Poz adedi
A5: Havalandırma | B5: ='2 · Detay metraj'!G4+'2 · Detay metraj'!G5+'2 · Detay metraj'!G6+'2 · Detay metraj'!G7+'2 · Detay metraj'!G8+'2 · Detay metraj'!G9+'2 · Detay metraj'!G10+'2 · Detay metraj'!G11+'2 · Detay metraj'!G12+'2 · Detay metraj'!G13+'2 · Detay metraj'!G14+'2 · Detay metraj'!G15+'2 · Detay metraj'!G16+'2 · Detay metraj'!G17+'2 · Detay metraj'!G18+'2 · Detay metraj'!G19+'2 · Detay metraj'!G20+'2 · Detay metraj'!G21 | C5: ='2 · Detay metraj'!H4+'2 · Detay metraj'!H5+'2 · Detay metraj'!H6+'2 · Detay metraj'!H7+'2 · Detay metraj'!H8+'2 · Detay metraj'!H9+'2 · Detay metraj'!H10+'2 · Detay metraj'!H11+'2 · Detay metraj'!H12+'2 · Detay metraj'!H13+'2 · Detay metraj'!H14+'2 · Detay metraj'!H15+'2 · Detay metraj'!H16+'2 · Detay metraj'!H17+'2 · Detay metraj'!H18+'2 · Detay metraj'!H19+'2 · Detay metraj'!H20+'2 · Detay metraj'!H21 | D5: ='2 · Detay metraj'!I4+'2 · Detay metraj'!I5+'2 · Detay metraj'!I6+'2 · Detay metraj'!I7+'2 · Detay metraj'!I8+'2 · Detay metraj'!I9+'2 · Detay metraj'!I10+'2 · Detay metraj'!I11+'2 · Detay metraj'!I12+'2 · Detay metraj'!I13+'2 · Detay metraj'!I14+'2 · Detay metraj'!I15+'2 · Detay metraj'!I16+'2 · Detay metraj'!I17+'2 · Detay metraj'!I18+'2 · Detay metraj'!I19+'2 · Detay metraj'!I20+'2 · Detay metraj'!I21 | E5: 18
A6: İklimlendirme | B6: ='2 · Detay metraj'!G22+'2 · Detay metraj'!G23+'2 · Detay metraj'!G24+'2 · Detay metraj'!G25+'2 · Detay metraj'!G26+'2 · Detay metraj'!G27+'2 · Detay metraj'!G28 | C6: ='2 · Detay metraj'!H22+'2 · Detay metraj'!H23+'2 · Detay metraj'!H24+'2 · Detay metraj'!H25+'2 · Detay metraj'!H26+'2 · Detay metraj'!H27+'2 · Detay metraj'!H28 | D6: ='2 · Detay metraj'!I22+'2 · Detay metraj'!I23+'2 · Detay metraj'!I24+'2 · Detay metraj'!I25+'2 · Detay metraj'!I26+'2 · Detay metraj'!I27+'2 · Detay metraj'!I28 | E6: 7
A7: Sıhhi tesisat | B7: ='2 · Detay metraj'!G29+'2 · Detay metraj'!G30+'2 · Detay metraj'!G31+'2 · Detay metraj'!G32+'2 · Detay metraj'!G33+'2 · Detay metraj'!G34+'2 · Detay metraj'!G35+'2 · Detay metraj'!G36+'2 · Detay metraj'!G37+'2 · Detay metraj'!G38+'2 · Detay metraj'!G39+'2 · Detay metraj'!G40 | C7: ='2 · Detay metraj'!H29+'2 · Detay metraj'!H30+'2 · Detay metraj'!H31+'2 · Detay metraj'!H32+'2 · Detay metraj'!H33+'2 · Detay metraj'!H34+'2 · Detay metraj'!H35+'2 · Detay metraj'!H36+'2 · Detay metraj'!H37+'2 · Detay metraj'!H38+'2 · Detay metraj'!H39+'2 · Detay metraj'!H40 | D7: ='2 · Detay metraj'!I29+'2 · Detay metraj'!I30+'2 · Detay metraj'!I31+'2 · Detay metraj'!I32+'2 · Detay metraj'!I33+'2 · Detay metraj'!I34+'2 · Detay metraj'!I35+'2 · Detay metraj'!I36+'2 · Detay metraj'!I37+'2 · Detay metraj'!I38+'2 · Detay metraj'!I39+'2 · Detay metraj'!I40 | E7: 12
A8: MEKANIK TESISAT İMALAT TOPLAMI | B8: =SUM(B5:B7) | C8: =SUM(C5:C7) | D8: =SUM(D5:D7) | E8: 37
A10: m² başına (net iç alan 103,78 m²) | B10: =B8/103.78 | C10: =C8/103.78 | D10: =D8/103.78
A12: ANA DOSYA İLE İLİŞKİ
A13: Bu dosyadaki pozlar, ana BoQ'daki 'MEKANİK' grubunun birebir aynısıdır.
A14: Ana dosya: output/Gym_Maliyet_BoQ.xlsx — 2 · Detay metraj sayfası

Sheet 2 · Detay metraj
A1: MEKANIK TESISAT — DETAY METRAJ VE KEŞİF
A2: MALTEPE / İDEALTEPE — MOBİLYA MAĞAZASI → FONKSİYONEL ANTRENMAN STÜDYOSU · Rev C · 13 Eylül 2026 · Fiyat referansı: Eylül 2026 piyasa mertebesi · Birim fiyat sütununu (F) doldurun, tutarlar kendiliğinden hesaplanır
A3: Poz No | B3: Sistem | C3: Tanım | D3: Birim | E3: Miktar | F3: Birim fiyat (TL) | G3: Tutar (TL) | H3: Referans düşük (TL) | I3: Referans yüksek (TL)
A4: 06.01 | B4: Havalandırma | C4: Kanal tipi taze hava fanı — 1.000 m³/h / 250 Pa, hız kontrollü | D4: adet | E4: 1 | G4: =E4*F4*1 | H4: 18500 | I4: 31000
A5: 06.02 | B5: Havalandırma | C5: Kanal tipi egzoz fanı — 760 m³/h / 200 Pa | D5: adet | E5: 1 | G5: =E5*F5*1 | H5: 14500 | I5: 24000
A6: 06.03 | B6: Havalandırma | C6: Islak hacim egzoz fanı — 240 m³/h, sessiz tip, nem sensörlü | D6: adet | E6: 1 | G6: =E6*F6*1 | H6: 6500 | I6: 11500
A7: 06.04 | B7: Havalandırma | C7: Galvaniz dikdörtgen kanal 500×150 — besleme ana hattı | D7: m | E7: 10.3 | G7: =E7*F7*1 | H7: 13905 | I7: 22660
A8: 06.05 | B8: Havalandırma | C8: Galvaniz dikdörtgen kanal 400×150 — egzoz ana hattı | D8: m | E8: 9.1 | G8: =E8*F8*1 | H8: 10465 | I8: 17290
A9: 06.06 | B9: Havalandırma | C9: Spiro kanal Ø200 — menfez branşmanları | D9: m | E9: 8 | G9: =E9*F9*1 | H9: 4960 | I9: 8400
A10: 06.06b | B10: Havalandırma | C10: Spiro kanal Ø125 — ıslak hacim valf branşmanları | D10: m | E10: 4.6 | G10: =E10*F10*1 | H10: 1932 | I10: 3312
A11: 06.07 | B11: Havalandırma | C11: Spiro kanal Ø160 — ıslak hacim egzoz hattı | D11: m | E11: 7.4 | G11: =E11*F11*1 | H11: 3996 | I11: 6660
A12: 06.08 | B12: Havalandırma | C12: Çift sıra ayarlı besleme menfezi 300×150 + plenum | D12: adet | E12: 4 | G12: =E12*F12*1 | H12: 9600 | I12: 15600
A13: 06.09 | B13: Havalandırma | C13: Egzoz menfezi 300×150 + plenum | D13: adet | E13: 3 | G13: =E13*F13*1 | H13: 6300 | I13: 10200
A14: 06.10 | B14: Havalandırma | C14: Tavan egzoz valfi Ø160 (duş / WC) | D14: adet | E14: 4 | G14: =E14*F14*1 | H14: 3800 | I14: 6400
A15: 06.11 | B15: Havalandırma | C15: Debi ayar damperi (branşman başı) | D15: adet | E15: 7 | G15: =E15*F15*1 | H15: 8050 | I15: 13300
... A20: 06.16 | B20: Havalandırma | C20: Hava debisi ölçümü, balanslama ve test raporu | D20: götürü | E20: 1 | G20: =E20*F20*1 | H20: 12000 | I20: 22000
A21: 06.17 | B21: Havalandırma | C21: SEÇENEK — ısı geri kazanımlı taze hava ünitesi 1.000 m³/h (%75 verim) | D21: adet | E21: 1 | G21: =E21*F21*0 | H21: 0 | I21: 0
A22: 06.20 | B22: İklimlendirme | C22: Duvar tipi inverter split klima 24.000 BTU (iç + dış ünite) | D22: adet | E22: 1 | G22: =E22*F22*1 | H22: 34000 | I22: 55000
A23: 06.21 | B23: İklimlendirme | C23: Duvar tipi inverter split klima 18.000 BTU (iç + dış ünite) | D23: adet | E23: 1 | G23: =E23*F23*1 | H23: 27000 | I23: 44000
A24: 06.22 | B24: İklimlendirme | C24: Duvar tipi inverter split klima 12.000 BTU (iç + dış ünite) | D24: adet | E24: 2 | G24: =E24*F24*1 | H24: 39000 | I24: 64000
A25: 06.23 | B25: İklimlendirme | C25: Bakır boru seti (1/4"–5/8") + izolasyon + bağlantı kablosu | D25: m | E25: 33.5 | G25: =E25*F25*1 | H25: 36850 | I25: 61975
A26: 06.24 | B26: İklimlendirme | C26: Dış ünite galvaniz montaj konsolu ve titreşim takozu | D26: adet | E26: 4 | G26: =E26*F26*1 | H26: 15200 | I26: 24800
A27: 06.25 | B27: İklimlendirme | C27: Drenaj hattı PPRC Ø25 + izolasyon | D27: m | E27: 31.6 | G27: =E27*F27*1 | H27: 13272 | I27: 22752
A28: 06.26 | B28: İklimlendirme | C28: Vakum, gaz şarjı, devreye alma ve test | D28: adet | E28: 4 | G28: =E28*F28*1 | H28: 12800 | I28: 21600
A29: 06.30 | B29: Sıhhi tesisat | C29: PPRC temiz su borusu Ø25 (ek parça ve montaj dahil) | D29: m | E29: 6.9 | G29: =E29*F29*1 | H29: 4278 | I29: 7245
A30: 06.31 | B30: Sıhhi tesisat | C30: PPRC temiz su borusu Ø20 (ek parça ve montaj dahil) | D30: m | E30: 3.1 | G30: =E30*F30*1 | H30: 1612 | I30: 2728
A31: 06.32 | B31: Sıhhi tesisat | C31: PPRC sıcak su hattı Ø20 + boru izolasyonu | D31: m | E31: 4.2 | G31: =E31*F31*1 | H31: 2856 | I31: 4830
A32: 06.33 | B32: Sıhhi tesisat | C32: PVC pis su borusu Ø100 (%2 eğimli, askılı) | D32: m | E32: 7.4 | G32: =E32*F32*1 | H32: 5772 | I32: 9620
A33: 06.34 | B33: Sıhhi tesisat | C33: PVC pis su borusu Ø70 | D33: m | E33: 0.3 | G33: =E33*F33*1 | H33: 168 | I33: 285
... A40: 06.41 | B40: Sıhhi tesisat | C40: Tesisat basınç testi, dezenfeksiyon ve teslim raporu | D40: götürü | E40: 1 | G40: =E40*F40*1 | H40: 9500 | I40: 17000
C42: MEKANIK TESISAT İMALAT TOPLAMI | G42: =SUM(G4:G40) | H42: =SUM(H4:H40) | I42: =SUM(I4:I40)

Sheet 3 · Sistem verileri
A1: MEKANİK SİSTEM VERİLERİ
A2: Hava dengesi · kanal · iklimlendirme · boru metrajı
A4: HAVA DENGESİ
A5: Taze hava debisi | B5: 1000 | C5: m³/h
A6: Kişi başı taze hava | B6: 71 | C6: m³/h·kişi
A7: Hava değişim sayısı | B7: 3.01 | C7: h⁻¹
A8: Salon egzozu | B8: 760 | C8: m³/h
A9: Islak hacim egzozu | B9: 240 | C9: m³/h
A11: KANAL METRAJI
A12: Besleme ana hattı 500×150 | B12: 10.3 | C12: m
A13: Egzoz ana hattı 400×150 | B13: 9.1 | C13: m
A14: Islak hacim hattı Ø160 | B14: 7.4 | C14: m
A15: Menfez branşmanı Ø200 | B15: 8 | C15: m
A16: Valf branşmanı Ø125 | B16: 4.6 | C16: m
A18: İKLİMLENDİRME
A19: Hesaplanan soğutma yükü | B19: 57000 | C19: BTU/h
A20: Kurulu kapasite | B20: 66000 | C20: BTU/h
A21: Kapasite marjı | B21: 16 | C21: %
A22: İç ünite adedi | B22: 4 | C22: adet
A23: Bakır hat uzunluğu | B23: 33.5 | C23: m
A24: Drenaj hattı uzunluğu | B24: 31.6 | C24: m
A26: SIHHİ TESİSAT
A27: Temiz su Ø25 | B27: 6.9 | C27: m
A28: Temiz su Ø20 | B28: 3.1 | C28: m
A29: Sıcak su Ø20 izoleli | B29: 4.2 | C29: m
A30: Pis su Ø100 | B30: 7.4 | C30: m
A31: Pis su Ø70 | B31: 0.3 | C31: m
A32: Pis su Ø50 | B32: 4.3 | C32: m

Sheet 4 · Varsayımlar
A1: VARSAYIMLAR VE DOĞRULANACAKLAR
A2: Bu değerler ölçülmemiştir
A3: Parametre | B3: Değer | C3: Not
A4: Tavan yüksekliği | B4: 3,20 m | C4: VARSAYIM — iç hacim, kanal güzergâhı ve armatür adedinin girdisi
A5: Geometri doğruluğu | B5: ±%3 | C5: Raster paftadan vektörleştirme — DXF (R2010) ile kesinleştirilmeli
A6: Net iç kullanım alanı | B6: 103,78 m² | C6: Pafta m² etiketlerinden kalibre
A7: Mevcut pis su bağlantı kotu | B7: BİLİNMİYOR | C7: Seçenek A / B kararını belirler — söküm sonrası ilk iş
A8: Doğalgaz bağlantısı | B8: Yok varsayıldı | C8: Varsa sıcak su çözümü kombiye revize edilir
A9: Havalandırma bacası | B9: 9,5 m varsayım | C9: Çatı kotu ölçülecek; bina bacası varsa kullanılabilir
A10: Dış ünite montaj yüzeyi | B10: Arka cephe duvarı | C10: Taşıyıcılık ve yönetim onayı doğrulanacak
A11: Kanal güzergâhı | B11: Şematik | C11: Kolon ve kiriş konumları yerinde tespit edilecek
